t_C,T_K,Ps_bar,vl_m3_kg,vg_m3_kg,Hl_kJ_kg,Hv_kJ_kg,delta_hv,sl_kJ_kgK,sv_kJ_kgK,Cpl_kJ_kgK,Cpv_kJ_kgK,wl_m_s,wv_m_s,kl_1,kv_1,etal_uPas,etav_uPas,lambda_mW_mK,lambda_mW_mK
0,273.15,0.006112127,0.00100021,206.14,-0.04159,2500.89,2500.93,-0.0001545,9.1558,4.2199,1.8882,1402.3,408.88,3216538,1.3269,1792,8.945,562,16.49
0.01,273.16,0.00611657,0.00100021,205.997,0.00061,2500.91,2500.91,0,9.1555,4.2199,1.8882,1402.3,408.89,3214432,1.3269,1791.4,8.946,562,16.49
1,274.15,0.00657088,0.00100015,192.445,4.17665,2502.73,2498.55,0.01526,9.1291,4.2165,1.8889,1407.2,409.61,3013281,1.3268,1731.2,8.974,564.1,16.56
2,275.15,0.00705988,0.00100011,179.764,8.3916,2504.57,2496.17,0.030606,9.1027,4.2134,1.8895,1412.1,410.34,2824038,1.3268,1673.7,9.003,566.2,16.64
3,276.15,0.00758082,0.00100008,168.014,12.6035,2506.4,2493.8,0.045886,9.0765,4.2105,1.8902,1416.8,411.07,2647765,1.3267,1619.2,9.032,568.2,16.71
4,277.15,0.00813549,0.00100007,157.121,16.8127,2508.24,2491.42,0.061101,9.0506,4.2078,1.8909,1421.5,411.8,2483500,1.3266,1567.4,9.061,570.3,16.78
5,278.15,0.00872575,0.00100008,147.017,21.0194,2510.07,2489.05,0.076252,9.0249,4.2054,1.8917,1426,412.53,2330358,1.3266,1518.3,9.09,572.3,16.85
6,279.15,0.00935353,0.00100011,137.638,25.2237,2511.91,2486.68,0.09134,8.9994,4.2031,1.8924,1430.5,413.25,2187526,1.3265,1471.6,9.12,574.3,16.92
7,280.15,0.0100209,0.00100014,128.928,29.4258,2513.74,2484.31,0.10637,8.9742,4.2011,1.8932,1434.9,413.97,2054253,1.3264,1427.2,9.149,576.2,17
8,281.15,0.0107299,0.0010002,120.834,33.626,2515.57,2481.94,0.12133,8.9492,4.1992,1.894,1439.1,414.69,1929849,1.3264,1384.8,9.179,578.1,17.07
9,282.15,0.0114828,0.00100027,113.309,37.8244,2517.4,2479.58,0.13624,8.9244,4.1974,1.8949,1443.3,415.41,1813676,1.3263,1344.5,9.209,580,17.14
10,283.15,0.0122818,0.00100035,106.309,42.0211,2519.23,2477.21,0.15109,8.8998,4.1958,1.8957,1447.4,416.13,1705145,1.3262,1306,9.238,581.9,17.21
11,284.15,0.0131295,0.00100044,99.7927,46.2162,2521.06,2474.84,0.16587,8.8755,4.1943,1.8966,1451.4,416.84,1603714,1.3262,1269.2,9.268,583.8,17.29
12,285.15,0.0140282,0.00100055,93.7243,50.41,2522.89,2472.48,0.18061,8.8514,4.193,1.8975,1455.3,417.55,1508881,1.3261,1234.1,9.299,585.6,17.36
13,286.15,0.0149806,0.00100067,88.0698,54.6024,2524.71,2470.11,0.19528,8.8275,4.1917,1.8985,1459.1,418.26,1420182,1.326,1200.5,9.329,587.4,17.43
14,287.15,0.0159894,0.0010008,82.7981,58.7936,2526.54,2467.75,0.2099,8.8038,4.1905,1.8994,1462.8,418.97,1337189,1.3259,1168.4,9.359,589.2,17.51
15,288.15,0.0170574,0.00100095,77.8807,62.9837,2528.36,2465.38,0.22447,8.7804,4.1894,1.9004,1466.4,419.68,1259505,1.3258,1137.6,9.39,591,17.58
16,289.15,0.0181876,0.0010011,73.2915,67.1727,2530.19,2463.01,0.23898,8.7571,4.1884,1.9014,1470,420.38,1186764,1.3257,1108.1,9.42,592.7,17.65
17,290.15,0.0193829,0.00100127,69.0063,71.3608,2532.01,2460.65,0.25344,8.7341,4.1875,1.9025,1473.4,421.08,1118624,1.3257,1079.9,9.451,594.4,17.73
18,291.15,0.0206466,0.00100145,65.0029,75.5479,2533.83,2458.28,0.26785,8.7112,4.1866,1.9035,1476.8,421.79,1054772,1.3256,1052.7,9.482,596.1,17.8
19,292.15,0.0219818,0.00100164,61.2609,79.7343,2535.65,2455.92,0.2822,8.6886,4.1858,1.9046,1480.1,422.48,994916,1.3255,1026.7,9.513,597.8,17.88
20,293.15,0.0233921,0.00100184,57.7615,83.9199,2537.47,2453.55,0.2965,8.6661,4.1851,1.9057,1483.3,423.18,938786,1.3254,1001.6,9.544,599.5,17.95
21,294.15,0.024881,0.00100205,54.4873,88.1048,2539.29,2451.18,0.31075,8.6439,4.1844,1.9069,1486.4,423.88,886129,1.3253,977.6,9.575,601.1,18.03
22,295.15,0.0264521,0.00100228,51.4225,92.289,2541.1,2448.81,0.32495,8.6218,4.1838,1.908,1489.4,424.57,836715,1.3252,954.4,9.607,602.7,18.1
23,296.15,0.0281092,0.00100251,48.5521,96.4727,2542.92,2446.45,0.3391,8.6,4.1832,1.9092,1492.4,425.26,790326,1.3251,932.1,9.638,604.3,18.18
24,297.15,0.0298563,0.00100275,45.8626,100.656,2544.73,2444.08,0.3532,8.5783,4.1827,1.9104,1495.2,425.95,746762,1.325,910.7,9.669,605.9,18.25
25,298.15,0.0316975,0.00100301,43.3414,104.838,2546.54,2441.71,0.36726,8.5568,4.1822,1.9116,1498,426.63,705837,1.3249,890,9.701,607.5,18.33
26,299.15,0.0336369,0.00100327,40.9768,109.021,2548.35,2439.33,0.38126,8.5355,4.1817,1.9129,1500.7,427.32,667378,1.3248,870.1,9.733,609,18.4
27,300.15,0.0356789,0.00100354,38.7582,113.202,2550.16,2436.96,0.39521,8.5144,4.1813,1.9141,1503.4,428,631223,1.3247,850.9,9.764,610.5,18.48
28,301.15,0.0378281,0.00100382,36.6754,117.384,2551.97,2434.59,0.40912,8.4934,4.1809,1.9154,1505.9,428.68,597224,1.3246,832.4,9.796,612,18.55
29,302.15,0.0400892,0.00100411,34.7194,121.565,2553.78,2432.21,0.42298,8.4727,4.1806,1.9167,1508.4,429.36,565239,1.3245,814.5,9.828,613.5,18.63
30,303.15,0.0424669,0.00100441,32.8816,125.745,2555.58,2429.84,0.43679,8.4521,4.1803,1.918,1510.8,430.04,535141,1.3244,797.2,9.86,615,18.71
31,304.15,0.0449663,0.00100472,31.154,129.926,2557.39,2427.46,0.45056,8.4317,4.18,1.9194,1513.2,430.72,506808,1.3243,780.5,9.892,616.4,18.78
32,305.15,0.0475925,0.00100504,29.5295,134.106,2559.19,2425.08,0.46428,8.4115,4.1798,1.9207,1515.4,431.39,480128,1.3242,764.4,9.924,617.8,18.86
33,306.15,0.0503508,0.00100536,28.001,138.286,2560.99,2422.7,0.47795,8.3914,4.1795,1.9221,1517.6,432.06,454996,1.3241,748.8,9.957,619.2,18.94
34,307.15,0.0532469,0.0010057,26.5624,142.465,2562.79,2420.32,0.49158,8.3715,4.1794,1.9235,1519.8,432.73,431314,1.324,733.7,9.989,620.6,19.01
35,308.15,0.0562862,0.00100604,25.2078,146.645,2564.58,2417.94,0.50517,8.3518,4.1792,1.9249,1521.8,433.4,408993,1.3239,719.1,10.02,622,19.09
36,309.15,0.0594747,0.00100639,23.9318,150.824,2566.38,2415.56,0.51871,8.3323,4.1791,1.9263,1523.8,434.07,387946,1.3238,705,10.05,623.3,19.17
37,310.15,0.0628185,0.00100675,22.7292,155.004,2568.17,2413.17,0.5322,8.3129,4.179,1.9278,1525.8,434.73,368094,1.3237,691.3,10.09,624.7,19.25
38,311.15,0.0663237,0.00100712,21.5954,159.183,2569.96,2410.78,0.54566,8.2936,4.1789,1.9292,1527.6,435.4,349365,1.3235,678,10.12,626,19.32
39,312.15,0.0699968,0.00100749,20.5261,163.362,2571.75,2408.39,0.55906,8.2746,4.1788,1.9307,1529.4,436.06,331688,1.3234,665.2,10.15,627.3,19.4
40,313.15,0.0738443,0.00100788,19.517,167.541,2573.54,2406,0.57243,8.2557,4.1788,1.9322,1531.1,436.72,314999,1.3233,652.7,10.18,628.6,19.48
41,314.15,0.0778731,0.00100827,18.5646,171.72,2575.33,2403.61,0.58575,8.2369,4.1788,1.9337,1532.8,437.37,299239,1.3232,640.6,10.22,629.8,19.56
42,315.15,0.0820901,0.00100867,17.6652,175.899,2577.11,2401.21,0.59903,8.2183,4.1788,1.9353,1534.4,438.03,284351,1.3231,628.9,10.25,631.1,19.64
43,316.15,0.0865026,0.00100908,16.8155,180.079,2578.89,2398.82,0.61227,8.1999,4.1788,1.9368,1536,438.68,270282,1.323,617.5,10.28,632.3,19.72
44,317.15,0.091118,0.00100949,16.0126,184.258,2580.67,2396.42,0.62547,8.1816,4.1789,1.9384,1537.5,439.33,256983,1.3229,606.5,10.32,633.5,19.8
45,318.15,0.0959439,0.00100991,15.2534,188.437,2582.45,2394.02,0.63862,8.1634,4.179,1.94,1538.9,439.98,244408,1.3228,595.8,10.35,634.7,19.88
46,319.15,0.100988,0.00101034,14.5355,192.617,2584.23,2391.61,0.65174,8.1454,4.1791,1.9416,1540.3,440.63,232515,1.3227,585.3,10.38,635.9,19.96
47,320.15,0.106259,0.00101078,13.8562,196.796,2586,2389.21,0.66481,8.1276,4.1792,1.9432,1541.6,441.28,221263,1.3226,575.2,10.42,637.1,20.04
48,321.15,0.111764,0.00101123,13.2132,200.976,2587.77,2386.8,0.67785,8.1099,4.1794,1.9449,1542.8,441.92,210614,1.3224,565.4,10.45,638.2,20.12
49,322.15,0.117512,0.00101168,12.6045,205.156,2589.54,2384.39,0.69084,8.0923,4.1796,1.9466,1544,442.56,200533,1.3223,555.8,10.48,639.3,20.2
50,323.15,0.123513,0.00101214,12.0279,209.336,2591.31,2381.97,0.70379,8.0749,4.1798,1.9482,1545.2,443.2,190987,1.3222,546.5,10.52,640.5,20.28
51,324.15,0.129774,0.0010126,11.4815,213.517,2593.08,2379.56,0.71671,8.0576,4.18,1.95,1546.3,443.84,181945,1.3221,537.5,10.55,641.6,20.36
52,325.15,0.136305,0.00101308,10.9637,217.697,2594.84,2377.14,0.72958,8.0405,4.1802,1.9517,1547.3,444.48,173378,1.322,528.6,10.58,642.6,20.44
53,326.15,0.143116,0.00101356,10.4726,221.878,2596.6,2374.72,0.74242,8.0235,4.1805,1.9534,1548.3,445.11,165259,1.3219,520.1,10.62,643.7,20.52
54,327.15,0.150215,0.00101404,10.0069,226.059,2598.35,2372.3,0.75522,8.0066,4.1808,1.9552,1549.2,445.74,157561,1.3218,511.7,10.65,644.8,20.61
55,328.15,0.157614,0.00101454,9.56492,230.241,2600.11,2369.87,0.76798,7.9899,4.1811,1.957,1550.1,446.37,150262,1.3217,503.6,10.68,645.8,20.69
56,329.15,0.165322,0.00101504,9.14543,234.423,2601.86,2367.44,0.7807,7.9733,4.1814,1.9588,1550.9,447,143338,1.3216,495.7,10.72,646.8,20.77
57,330.15,0.17335,0.00101555,8.74712,238.605,2603.61,2365.01,0.79339,7.9568,4.1818,1.9607,1551.7,447.63,136769,1.3214,488,10.75,647.8,20.85
58,331.15,0.181708,0.00101606,8.36879,242.788,2605.36,2362.57,0.80603,7.9405,4.1821,1.9625,1552.4,448.25,130534,1.3213,480.5,10.79,648.8,20.94
59,332.15,0.190407,0.00101658,8.00932,246.971,2607.1,2360.13,0.81864,7.9243,4.1825,1.9644,1553.1,448.88,124615,1.3212,473.2,10.82,649.8,21.02
60,333.15,0.199458,0.00101711,7.66766,251.154,2608.85,2357.69,0.83122,7.9082,4.1829,1.9664,1553.7,449.5,118994,1.3211,466,10.85,650.8,21.1
61,334.15,0.208873,0.00101765,7.34281,255.338,2610.58,2355.25,0.84375,7.8922,4.1834,1.9683,1554.3,450.11,113655,1.321,459.1,10.89,651.7,21.19
62,335.15,0.218664,0.00101819,7.03384,259.523,2612.32,2352.8,0.85625,7.8764,4.1838,1.9703,1554.8,450.73,108583,1.3209,452.3,10.92,652.6,21.27
63,336.15,0.228842,0.00101874,6.7399,263.708,2614.05,2350.35,0.86872,7.8607,4.1843,1.9723,1555.3,451.34,103762,1.3208,445.7,10.96,653.6,21.36
64,337.15,0.239421,0.00101929,6.46015,267.893,2615.78,2347.89,0.88115,7.8451,4.1848,1.9743,1555.8,451.95,99180,1.3206,439.2,10.99,654.5,21.44
65,338.15,0.250411,0.00101985,6.19383,272.079,2617.51,2345.43,0.89354,7.8296,4.1853,1.9764,1556.2,452.56,94823,1.3205,432.9,11.02,655.3,21.53
66,339.15,0.261827,0.00102042,5.94021,276.266,2619.23,2342.97,0.9059,7.8142,4.1859,1.9785,1556.5,453.17,90679,1.3204,426.7,11.06,656.2,21.61
67,340.15,0.27368,0.001021,5.69861,280.453,2620.96,2340.5,0.91823,7.799,4.1864,1.9806,1556.8,453.77,86736,1.3203,420.7,11.09,657.1,21.7
68,341.15,0.285986,0.00102158,5.4684,284.641,2622.67,2338.03,0.93052,7.7839,4.187,1.9828,1557.1,454.38,82985,1.3202,414.9,11.13,657.9,21.79
69,342.15,0.298756,0.00102216,5.24896,288.829,2624.39,2335.56,0.94277,7.7689,4.1876,1.985,1557.3,454.98,79414,1.32,409.1,11.16,658.8,21.87
70,343.15,0.312006,0.00102276,5.03973,293.018,2626.1,2333.08,0.95499,7.754,4.1882,1.9873,1557.5,455.57,76015,1.3199,403.5,11.19,659.6,21.96
71,344.15,0.32575,0.00102336,4.84018,297.208,2627.81,2330.6,0.96718,7.7392,4.1889,1.9895,1557.6,456.17,72777,1.3198,398.1,11.23,660.4,22.05
72,345.15,0.340001,0.00102396,4.6498,301.398,2629.51,2328.11,0.97933,7.7245,4.1896,1.9919,1557.7,456.76,69694,1.3197,392.7,11.26,661.2,22.14
73,346.15,0.354775,0.00102458,4.46812,305.589,2631.21,2325.62,0.99146,7.71,4.1902,1.9942,1557.7,457.35,66756,1.3195,387.5,11.3,661.9,22.23
74,347.15,0.370088,0.0010252,4.29469,309.781,2632.91,2323.13,1.0035,7.6955,4.191,1.9966,1557.7,457.94,63956,1.3194,382.4,11.33,662.7,22.32
75,348.15,0.385954,0.00102582,4.12908,313.974,2634.6,2320.63,1.0156,7.6812,4.1917,1.999,1557.7,458.52,61287,1.3193,377.4,11.37,663.4,22.41
76,349.15,0.402389,0.00102645,3.9709,318.167,2636.29,2318.13,1.0276,7.6669,4.1924,2.0015,1557.6,459.11,58742,1.3191,372.5,11.4,664.2,22.5
77,350.15,0.419409,0.00102709,3.81978,322.361,2637.98,2315.62,1.0396,7.6528,4.1932,2.0041,1557.5,459.69,56315,1.319,367.8,11.44,664.9,22.59
78,351.15,0.437031,0.00102773,3.67535,326.556,2639.66,2313.11,1.0516,7.6388,4.194,2.0066,1557.4,460.26,54000,1.3189,363.1,11.47,665.6,22.68
79,352.15,0.455271,0.00102838,3.53729,330.752,2641.34,2310.59,1.0635,7.6248,4.1948,2.0092,1557.2,460.84,51791,1.3187,358.5,11.5,666.3,22.77
80,353.15,0.474147,0.00102904,3.40527,334.949,2643.01,2308.07,1.0754,7.611,4.1956,2.0119,1557,461.41,49684,1.3186,354,11.54,667,22.86
81,354.15,0.493676,0.0010297,3.27899,339.146,2644.68,2305.54,1.0873,7.5973,4.1965,2.0146,1556.7,461.98,47671,1.3185,349.7,11.57,667.6,22.95
82,355.15,0.513875,0.00103037,3.15818,343.345,2646.35,2303.01,1.0991,7.5837,4.1974,2.0174,1556.4,462.55,45750,1.3183,345.4,11.61,668.3,23.04
83,356.15,0.534762,0.00103105,3.04257,347.544,2648.01,2300.47,1.1109,7.5701,4.1983,2.0202,1556.1,463.11,43915,1.3182,341.2,11.64,668.9,23.14
84,357.15,0.556355,0.00103173,2.9319,351.745,2649.67,2297.93,1.1227,7.5567,4.1992,2.0231,1555.7,463.67,42163,1.318,337.1,11.68,669.5,23.23
85,358.15,0.578675,0.00103242,2.82593,355.946,2651.33,2295.38,1.1344,7.5434,4.2001,2.026,1555.3,464.23,40488,1.3179,333.1,11.71,670.1,23.32
86,359.15,0.601738,0.00103311,2.72445,360.148,2652.98,2292.83,1.1461,7.5301,4.2011,2.029,1554.8,464.79,38888,1.3177,329.1,11.75,670.7,23.42
87,360.15,0.625565,0.00103381,2.62722,364.352,2654.62,2290.27,1.1578,7.517,4.202,2.0321,1554.4,465.34,37359,1.3176,325.3,11.78,671.3,23.51
88,361.15,0.650174,0.00103451,2.53406,368.556,2656.26,2287.7,1.1694,7.5039,4.203,2.0352,1553.8,465.89,35896,1.3174,321.5,11.82,671.9,23.61
89,362.15,0.675587,0.00103522,2.44476,372.762,2657.9,2285.14,1.1811,7.4909,4.2041,2.0383,1553.3,466.44,34498,1.3173,317.8,11.85,672.5,23.7
90,363.15,0.701824,0.00103594,2.35915,376.968,2659.53,2282.56,1.1927,7.4781,4.2051,2.0415,1552.7,466.98,33160,1.3171,314.2,11.89,673,23.8
91,364.15,0.728904,0.00103667,2.27705,381.176,2661.16,2279.98,1.2042,7.4653,4.2062,2.0448,1552.1,467.52,31881,1.3169,310.6,11.92,673.5,23.9
92,365.15,0.756849,0.0010374,2.1983,385.385,2662.78,2277.39,1.2158,7.4526,4.2072,2.0482,1551.4,468.06,30656,1.3168,307.1,11.95,674.1,23.99
93,366.15,0.785681,0.00103813,2.12275,389.595,2664.39,2274.8,1.2273,7.44,4.2083,2.0516,1550.8,468.6,29484,1.3166,303.7,11.99,674.6,24.09
94,367.15,0.81542,0.00103887,2.05025,393.806,2666.01,2272.2,1.2387,7.4275,4.2095,2.0551,1550,469.13,28363,1.3164,300.4,12.02,675.1,24.19
95,368.15,0.846089,0.00103962,1.98065,398.019,2667.61,2269.6,1.2502,7.415,4.2106,2.0586,1549.3,469.66,27288,1.3163,297.1,12.06,675.5,24.29
96,369.15,0.877711,0.00104038,1.91383,402.232,2669.22,2266.98,1.2616,7.4027,4.2118,2.0623,1548.5,470.18,26260,1.3161,293.9,12.09,676,24.39
97,370.15,0.910308,0.00104114,1.84965,406.447,2670.81,2264.37,1.273,7.3904,4.213,2.066,1547.7,470.71,25275,1.3159,290.7,12.13,676.5,24.49
98,371.15,0.943902,0.0010419,1.78801,410.663,2672.4,2261.74,1.2844,7.3782,4.2142,2.0697,1546.9,471.23,24331,1.3157,287.6,12.16,676.9,24.59
99,372.15,0.978518,0.00104268,1.72878,414.88,2673.99,2259.11,1.2957,7.3661,4.2154,2.0736,1546,471.74,23426,1.3155,284.6,12.2,677.3,24.69
100,373.15,1.01418,0.00104346,1.67186,419.099,2675.57,2256.47,1.307,7.3541,4.2166,2.0775,1545.1,472.26,22559,1.3153,281.6,12.23,677.8,24.79
102,375.15,1.08873,0.00104503,1.56454,427.541,2678.72,2251.18,1.3296,7.3303,4.2192,2.0856,1543.2,473.27,20931,1.315,275.8,12.3,678.6,25
104,377.15,1.16776,0.00104663,1.46529,435.988,2681.84,2245.85,1.352,7.3068,4.2219,2.094,1541.2,474.28,19434,1.3146,270.2,12.37,679.3,25.21
106,379.15,1.25147,0.00104826,1.37342,444.44,2684.94,2240.5,1.3743,7.2836,4.2246,2.1027,1539,475.26,18056,1.3142,264.8,12.44,680,25.42
108,381.15,1.34007,0.00104991,1.28831,452.899,2688.02,2235.12,1.3965,7.2607,4.2274,2.1118,1536.8,476.24,16786,1.3137,259.6,12.51,680.7,25.63
110,383.15,1.43376,0.00105158,1.20939,461.363,2691.07,2229.7,1.4187,7.238,4.2304,2.1212,1534.4,477.2,15616,1.3133,254.6,12.58,681.3,25.85
112,385.15,1.53277,0.00105328,1.13615,469.834,2694.09,2224.26,1.4407,7.2157,4.2334,2.131,1532,478.15,14537,1.3128,249.8,12.65,681.8,26.06
114,387.15,1.63734,0.001055,1.06813,478.312,2697.09,2218.78,1.4626,7.1937,4.2365,2.1411,1529.4,479.08,13541,1.3124,245.1,12.72,682.4,26.28
116,389.15,1.74768,0.00105675,1.00489,486.796,2700.07,2213.27,1.4844,7.1719,4.2397,2.1517,1526.7,480,12620,1.3119,240.6,12.79,682.8,26.51
118,391.15,1.86404,0.00105853,0.94607,495.287,2703.02,2207.73,1.5062,7.1504,4.243,2.1626,1523.9,480.9,11769,1.3114,236.2,12.86,683.2,26.73
120,393.15,1.98665,0.00106033,0.891304,503.785,2705.93,2202.15,1.5278,7.1291,4.2464,2.174,1521,481.79,10982,1.3109,232,12.93,683.6,26.96
122,395.15,2.11578,0.00106215,0.840276,512.29,2708.82,2196.53,1.5494,7.1081,4.2499,2.1858,1518,482.66,10254,1.3104,228,13,683.9,27.19
124,397.15,2.25168,0.001064,0.792695,520.803,2711.69,2190.88,1.5708,7.0873,4.2535,2.1979,1514.9,483.52,9579,1.3098,224,13.07,684.2,27.43
126,399.15,2.3946,0.00106588,0.748294,529.323,2714.52,2185.19,1.5922,7.0668,4.2571,2.2105,1511.7,484.36,8953.5,1.3093,220.2,13.13,684.5,27.67
128,401.15,2.54481,0.00106778,0.706832,537.851,2717.32,2179.47,1.6134,7.0465,4.2609,2.2236,1508.4,485.19,8373.3,1.3087,216.5,13.2,684.6,27.91
130,403.15,2.7026,0.00106971,0.668084,546.388,2720.09,2173.7,1.6346,7.0264,4.2648,2.237,1505,486,7834.9,1.3082,212.9,13.27,684.8,28.15
132,405.15,2.86823,0.00107167,0.631849,554.933,2722.83,2167.89,1.6557,7.0066,4.2689,2.2509,1501.5,486.79,7334.8,1.3076,209.5,13.34,684.9,28.4
134,407.15,3.04199,0.00107365,0.597939,563.486,2725.53,2162.04,1.6767,6.9869,4.273,2.2653,1497.9,487.57,6870.2,1.307,206.1,13.41,685,28.65
136,409.15,3.22417,0.00107566,0.566183,572.048,2728.2,2156.15,1.6977,6.9675,4.2772,2.28,1494.3,488.34,6438.1,1.3064,202.9,13.48,685,28.9
138,411.15,3.41508,0.0010777,0.536425,580.62,2730.84,2150.22,1.7185,6.9483,4.2816,2.2953,1490.5,489.08,6036.2,1.3057,199.7,13.55,684.9,29.16
140,413.15,3.61501,0.00107976,0.508519,589.2,2733.44,2144.24,1.7393,6.9293,4.286,2.3109,1486.6,489.81,5662,1.3051,196.6,13.62,684.9,29.42
142,415.15,3.82427,0.00108185,0.482334,597.79,2736.01,2138.22,1.76,6.9105,4.2906,2.327,1482.7,490.53,5313.5,1.3044,193.7,13.69,684.8,29.68
144,417.15,4.04318,0.00108397,0.457748,606.39,2738.54,2132.15,1.7806,6.8918,4.2953,2.3436,1478.6,491.22,4988.6,1.3038,190.8,13.76,684.6,29.95
146,419.15,4.27205,0.00108612,0.434648,615,2741.04,2126.04,1.8011,6.8734,4.3002,2.3606,1474.5,491.9,4685.7,1.3031,188,13.82,684.4,30.22
148,421.15,4.51122,0.0010883,0.412931,623.621,2743.5,2119.88,1.8216,6.8551,4.3052,2.378,1470.3,492.57,4403.1,1.3024,185.3,13.89,684.1,30.5
150,423.15,4.76101,0.0010905,0.392502,632.252,2745.92,2113.67,1.842,6.837,4.3103,2.3959,1466,493.22,4139.3,1.3018,182.6,13.96,683.9,30.77
152,425.15,5.02177,0.00109274,0.373273,640.893,2748.3,2107.41,1.8623,6.8191,4.3155,2.4142,1461.6,493.85,3892.9,1.3011,180,14.03,683.5,31.06
154,427.15,5.29383,0.00109501,0.355162,649.546,2750.64,2101.1,1.8825,6.8014,4.3209,2.4329,1457.1,494.46,3662.7,1.3004,177.5,14.1,683.2,31.34
156,429.15,5.57755,0.0010973,0.338095,658.211,2752.95,2094.74,1.9027,6.7838,4.3264,2.4521,1452.5,495.06,3447.4,1.2997,175.1,14.17,682.8,31.63
158,431.15,5.87329,0.00109963,0.322002,666.887,2755.21,2088.32,1.9228,6.7664,4.3321,2.4717,1447.9,495.64,3246,1.299,172.7,14.24,682.3,31.92
160,433.15,6.18139,0.00110199,0.306818,675.575,2757.43,2081.86,1.9428,6.7491,4.3379,2.4918,1443.2,496.21,3057.5,1.2982,170.4,14.3,681.8,32.22
162,435.15,6.50224,0.00110438,0.292486,684.275,2759.61,2075.33,1.9627,6.732,4.3439,2.5123,1438.4,496.75,2881,1.2975,168.2,14.37,681.3,32.52
164,437.15,6.83619,0.0011068,0.278948,692.988,2761.75,2068.76,1.9826,6.715,4.3501,2.5332,1433.5,497.28,2715.7,1.2968,166,14.44,680.7,32.83
166,439.15,7.18364,0.00110925,0.266155,701.714,2763.84,2062.13,2.0025,6.6982,4.3564,2.5545,1428.5,497.8,2560.8,1.2961,163.9,14.51,680.1,33.14
168,441.15,7.54495,0.00111174,0.254059,710.453,2765.89,2055.44,2.0222,6.6815,4.3628,2.5763,1423.4,498.3,2415.5,1.2953,161.8,14.58,679.4,33.45
170,443.15,7.92053,0.00111426,0.242616,719.206,2767.89,2048.69,2.0419,6.6649,4.3695,2.5985,1418.3,498.78,2279.1,1.2946,159.8,14.64,678.7,33.77
172,445.15,8.31077,0.00111682,0.231785,727.973,2769.85,2041.88,2.0616,6.6485,4.3763,2.6212,1413,499.24,2151.2,1.2939,157.8,14.71,678,34.09
174,447.15,8.71606,0.00111941,0.221528,736.755,2771.77,2035.01,2.0811,6.6322,4.3833,2.6443,1407.7,499.68,2031.1,1.2931,155.9,14.78,677.2,34.42
176,449.15,9.13681,0.00112203,0.21181,745.551,2773.63,2028.08,2.1007,6.6161,4.3906,2.6679,1402.3,500.11,1918.3,1.2924,154,14.85,676.4,34.75
178,451.15,9.57343,0.00112469,0.202598,754.362,2775.45,2021.09,2.1201,6.6,4.398,2.6919,1396.9,500.52,1812.2,1.2916,152.2,14.92,675.5,35.08
180,453.15,10.0263,0.00112739,0.193862,763.188,2777.22,2014.03,2.1395,6.5841,4.4056,2.7164,1391.3,500.92,1712.5,1.2909,150.4,14.99,674.6,35.42
182,455.15,10.496,0.00113012,0.185572,772.03,2778.94,2006.91,2.1589,6.5682,4.4134,2.7414,1385.7,501.29,1618.8,1.2902,148.6,15.05,673.7,35.77
184,457.15,10.9827,0.00113289,0.177703,780.889,2780.61,1999.72,2.1782,6.5525,4.4214,2.7669,1380,501.65,1530.5,1.2894,146.9,15.12,672.7,36.12
186,459.15,11.4871,0.0011357,0.170229,789.764,2782.23,1992.47,2.1974,6.5369,4.4296,2.7928,1374.2,501.99,1447.5,1.2887,145.3,15.19,671.7,36.47
188,461.15,12.0094,0.00113855,0.163127,798.656,2783.8,1985.14,2.2166,6.5214,4.4381,2.8193,1368.3,502.31,1369.3,1.2879,143.6,15.26,670.6,36.83
190,463.15,12.5502,0.00114144,0.156377,807.566,2785.31,1977.74,2.2358,6.506,4.4468,2.8464,1362.4,502.61,1295.7,1.2872,142,15.33,669.5,37.19
192,465.15,13.1099,0.00114437,0.149957,816.494,2786.77,1970.28,2.2549,6.4907,4.4557,2.8739,1356.4,502.9,1226.3,1.2864,140.5,15.39,668.3,37.56
194,467.15,13.6889,0.00114734,0.143848,825.44,2788.18,1962.74,2.2739,6.4755,4.4649,2.9021,1350.3,503.16,1160.8,1.2857,139,15.46,667.2,37.94
196,469.15,14.2877,0.00115036,0.138034,834.405,2789.53,1955.12,2.2929,6.4603,4.4743,2.9308,1344.1,503.41,1099.1,1.285,137.5,15.53,665.9,38.32
198,471.15,14.9069,0.00115341,0.132497,843.389,2790.82,1947.44,2.3119,6.4453,4.484,2.9601,1337.8,503.63,1040.9,1.2842,136,15.6,664.7,38.7
200,473.15,15.5467,0.00115651,0.127222,852.393,2792.06,1939.67,2.3308,6.4303,4.494,2.99,1331.5,503.84,986.01,1.2835,134.6,15.67,663.4,39.1
202,475.15,16.2078,0.00115966,0.122195,861.417,2793.24,1931.82,2.3497,6.4154,4.5043,3.0206,1325.1,504.03,934.17,1.2827,133.2,15.73,662,39.49
204,477.15,16.8906,0.00116285,0.117402,870.463,2794.36,1923.9,2.3685,6.4006,4.5148,3.0518,1318.6,504.19,885.21,1.282,131.8,15.8,660.7,39.89
206,479.15,17.5955,0.00116609,0.11283,879.529,2795.42,1915.89,2.3873,6.3858,4.5256,3.0837,1312,504.34,838.97,1.2812,130.5,15.87,659.2,40.3
208,481.15,18.3231,0.00116937,0.108467,888.618,2796.42,1907.8,2.406,6.3711,4.5368,3.1163,1305.4,504.46,795.28,1.2804,129.2,15.94,657.8,40.72
210,483.15,19.0739,0.00117271,0.104302,897.729,2797.35,1899.62,2.4248,6.3565,4.5482,3.1496,1298.7,504.57,753.98,1.2797,127.9,16.01,656.3,41.14
212,485.15,19.8483,0.00117609,0.100325,906.863,2798.22,1891.36,2.4434,6.342,4.56,3.1837,1291.9,504.65,714.94,1.2789,126.6,16.08,654.7,41.57
214,487.15,20.647,0.00117953,0.0965249,916.021,2799.03,1883.01,2.4621,6.3275,4.5722,3.2186,1285,504.71,678.02,1.2782,125.4,16.15,653.2,42
216,489.15,21.4702,0.00118302,0.0928934,925.203,2799.77,1874.57,2.4807,6.313,4.5846,3.2542,1278.1,504.75,643.09,1.2774,124.1,16.22,651.5,42.44
218,491.15,22.3187,0.00118656,0.0894214,934.409,2800.45,1866.04,2.4993,6.2986,4.5975,3.2907,1271,504.76,610.04,1.2766,122.9,16.29,649.9,42.89
220,493.15,23.1929,0.00119016,0.0861007,943.642,2801.05,1857.41,2.5178,6.2842,4.6107,3.328,1263.9,504.76,578.76,1.2759,121.8,16.35,648.2,43.34
222,495.15,24.0933,0.00119381,0.0829236,952.9,2801.59,1848.69,2.5363,6.2699,4.6243,3.3662,1256.8,504.73,549.14,1.2751,120.6,16.42,646.4,43.8
224,497.15,25.0205,0.00119752,0.0798826,962.185,2802.05,1839.87,2.5548,6.2557,4.6383,3.4053,1249.5,504.68,521.09,1.2743,119.5,16.49,644.7,44.27
226,499.15,25.9749,0.00120129,0.076971,971.498,2802.45,1830.95,2.5733,6.2414,4.6528,3.4453,1242.2,504.6,494.52,1.2735,118.4,16.56,642.8,44.75
228,501.15,26.9572,0.00120512,0.0741823,980.839,2802.76,1821.93,2.5917,6.2272,4.6676,3.4863,1234.8,504.5,469.35,1.2728,117.3,16.63,641,45.23
230,503.15,27.9679,0.00120901,0.0715102,990.21,2803.01,1812.8,2.6102,6.2131,4.6829,3.5283,1227.3,504.38,445.49,1.272,116.2,16.7,639.1,45.72
232,505.15,29.0075,0.00121297,0.0689492,999.609,2803.18,1803.57,2.6285,6.1989,4.6987,3.5713,1219.8,504.23,422.87,1.2712,115.1,16.78,637.1,46.23
234,507.15,30.0767,0.00121699,0.0664936,1009.04,2803.27,1794.23,2.6469,6.1848,4.715,3.6154,1212.2,504.05,401.43,1.2704,114.1,16.85,635.2,46.73
236,509.15,31.1758,0.00122108,0.0641385,1018.5,2803.28,1784.78,2.6653,6.1707,4.7317,3.6606,1204.5,503.85,381.09,1.2696,113.1,16.92,633.1,47.25
238,511.15,32.3056,0.00122523,0.0618788,1028,2803.21,1775.22,2.6836,6.1566,4.749,3.707,1196.7,503.63,361.8,1.2688,112.1,16.99,631.1,47.78
240,513.15,33.4665,0.00122946,0.0597101,1037.52,2803.06,1765.54,2.7019,6.1425,4.7668,3.7545,1188.8,503.38,343.49,1.268,111.1,17.06,629,48.32
242,515.15,34.6592,0.00123376,0.057628,1047.08,2802.82,1755.74,2.7203,6.1285,4.7852,3.8033,1180.9,503.1,326.12,1.2672,110.1,17.13,626.8,48.87
244,517.15,35.8843,0.00123814,0.0556284,1056.68,2802.5,1745.82,2.7385,6.1144,4.8042,3.8534,1172.9,502.79,309.63,1.2664,109.1,17.21,624.6,49.42
246,519.15,37.1423,0.00124259,0.0537073,1066.31,2802.1,1735.78,2.7568,6.1003,4.8238,3.9048,1164.8,502.46,293.97,1.2656,108.2,17.28,622.4,49.99
248,521.15,38.4338,0.00124712,0.0518612,1075.98,2801.6,1725.62,2.7751,6.0863,4.8441,3.9576,1156.6,502.1,279.1,1.2648,107.2,17.35,620.1,50.57
250,523.15,39.7594,0.00125174,0.0500866,1085.69,2801.01,1715.33,2.7934,6.0722,4.865,4.0119,1148.4,501.71,264.98,1.264,106.3,17.43,617.8,51.16
252,525.15,41.1197,0.00125644,0.0483801,1095.43,2800.33,1704.9,2.8117,6.0582,4.8866,4.0677,1140,501.3,251.56,1.2632,105.4,17.5,615.5,51.76
254,527.15,42.5154,0.00126122,0.0467386,1105.22,2799.56,1694.34,2.8299,6.0441,4.9089,4.1251,1131.6,500.85,238.81,1.2624,104.5,17.58,613,52.38
256,529.15,43.9471,0.0012661,0.0451592,1115.04,2798.69,1683.64,2.8482,6.03,4.932,4.1843,1123.1,500.38,226.7,1.2616,103.6,17.66,610.6,53.01
258,531.15,45.4153,0.00127107,0.043639,1124.91,2797.71,1672.8,2.8664,6.0158,4.956,4.2452,1114.5,499.87,215.179,1.2608,102.7,17.73,608.1,53.65